,symboling,normalized-losses,make,fuel-type,aspiration,num-of-doors,body-style,drive-wheels,engine-location,wheel-base,length,width,height,curb-weight,engine-type,num-of-cylinders,engine-size,fuel-system,bore,stroke,compression-ratio,horsepower,peak-rpm,city-L/100km,highway-L/100km,price,price-binned,horsepower-binned,fuel-type-diesel,fuel-type-gas,aspiration-std,aspiration-turbo
0,3,122,alfa-romero,gas,std,two,convertible,rwd,front,88.6,0.81,0.89,0.82,2548,dohc,four,130,mpfi,3.47,2.68,9.0,111,5000.0,11.19,8.7,13495.0,Low,Low,0,1,1,0
1,3,122,alfa-romero,gas,std,two,convertible,rwd,front,88.6,0.81,0.89,0.82,2548,dohc,four,130,mpfi,3.47,2.68,9.0,111,5000.0,11.19,8.7,16500.0,Low,Low,0,1,1,0
2,1,122,alfa-romero,gas,std,two,hatchback,rwd,front,94.5,0.82,0.91,0.88,2823,ohcv,six,152,mpfi,2.68,3.47,9.0,154,5000.0,12.37,9.04,16500.0,Low,Medium,0,1,1,0
3,2,164,audi,gas,std,four,sedan,fwd,front,99.8,0.85,0.92,0.91,2337,ohc,four,109,mpfi,3.19,3.4,10.0,102,5500.0,9.79,7.83,13950.0,Low,Low,0,1,1,0
4,2,164,audi,gas,std,four,sedan,4wd,front,99.4,0.85,0.92,0.91,2824,ohc,five,136,mpfi,3.19,3.4,8.0,115,5500.0,13.06,10.68,17450.0,Low,Low,0,1,1,0
5,2,122,audi,gas,std,two,sedan,fwd,front,99.8,0.85,0.92,0.89,2507,ohc,five,136,mpfi,3.19,3.4,8.5,110,5500.0,12.37,9.4,15250.0,Low,Low,0,1,1,0
6,1,158,audi,gas,std,four,sedan,fwd,front,105.8,0.93,0.99,0.93,2844,ohc,five,136,mpfi,3.19,3.4,8.5,110,5500.0,12.37,9.4,17710.0,Low,Low,0,1,1,0
7,1,122,audi,gas,std,four,wagon,fwd,front,105.8,0.93,0.99,0.93,2954,ohc,five,136,mpfi,3.19,3.4,8.5,110,5500.0,12.37,9.4,18920.0,Medium,Low,0,1,1,0
8,1,158,audi,gas,turbo,four,sedan,fwd,front,105.8,0.93,0.99,0.93,3086,ohc,five,131,mpfi,3.13,3.4,8.3,140,5500.0,13.82,11.75,23875.0,Medium,Medium,0,1,0,1
9,2,192,bmw,gas,std,two,sedan,rwd,front,101.2,0.85,0.9,0.91,2395,ohc,four,108,mpfi,3.5,2.8,8.8,101,5800.0,10.22,8.1,16430.0,Low,Low,0,1,1,0
10,0,192,bmw,gas,std,four,sedan,rwd,front,101.2,0.85,0.9,0.91,2395,ohc,four,108,mpfi,3.5,2.8,8.8,101,5800.0,10.22,8.1,16925.0,Low,Low,0,1,1,0
11,0,188,bmw,gas,std,two,sedan,rwd,front,101.2,0.85,0.9,0.91,2710,ohc,six,164,mpfi,3.31,3.19,9.0,121,4250.0,11.19,8.39,20970.0,Medium,Medium,0,1,1,0
12,0,188,bmw,gas,std,four,sedan,rwd,front,101.2,0.85,0.9,0.91,2765,ohc,six,164,mpfi,3.31,3.19,9.0,121,4250.0,11.19,8.39,21105.0,Medium,Medium,0,1,1,0
13,1,122,bmw,gas,std,four,sedan,rwd,front,103.5,0.91,0.93,0.93,3055,ohc,six,164,mpfi,3.31,3.19,9.0,121,4250.0,11.75,9.4,24565.0,Medium,Medium,0,1,1,0
14,0,122,bmw,gas,std,four,sedan,rwd,front,103.5,0.91,0.93,0.93,3230,ohc,six,209,mpfi,3.62,3.39,8.0,182,5400.0,14.69,10.68,30760.0,Medium,Medium,0,1,1,0
15,0,122,bmw,gas,std,two,sedan,rwd,front,103.5,0.93,0.94,0.9,3380,ohc,six,209,mpfi,3.62,3.39,8.0,182,5400.0,14.69,10.68,41315.0,High,Medium,0,1,1,0
16,0,122,bmw,gas,std,four,sedan,rwd,front,110.0,0.95,0.98,0.94,3505,ohc,six,209,mpfi,3.62,3.39,8.0,182,5400.0,15.67,11.75,36880.0,High,Medium,0,1,1,0
17,2,121,chevrolet,gas,std,two,hatchback,fwd,front,88.4,0.68,0.84,0.89,1488,l,three,61,2bbl,2.91,3.03,9.5,48,5100.0,5.0,4.43,5151.0,Low,Low,0,1,1,0
18,1,98,chevrolet,gas,std,two,hatchback,fwd,front,94.5,0.75,0.88,0.87,1874,ohc,four,90,2bbl,3.03,3.11,9.6,70,5400.0,6.18,5.47,6295.0,Low,Low,0,1,1,0
19,0,81,chevrolet,gas,std,four,sedan,fwd,front,94.5,0.76,0.88,0.87,1909,ohc,four,90,2bbl,3.03,3.11,9.6,70,5400.0,6.18,5.47,6575.0,Low,Low,0,1,1,0
20,1,118,dodge,gas,std,two,hatchback,fwd,front,93.7,0.76,0.89,0.85,1876,ohc,four,90,2bbl,2.97,3.23,9.41,68,5500.0,6.35,5.73,5572.0,Low,Low,0,1,1,0
21,1,118,dodge,gas,std,two,hatchback,fwd,front,93.7,0.76,0.89,0.85,1876,ohc,four,90,2bbl,2.97,3.23,9.4,68,5500.0,7.58,6.18,6377.0,Low,Low,0,1,1,0
22,1,118,dodge,gas,turbo,two,hatchback,fwd,front,93.7,0.76,0.89,0.85,2128,ohc,four,98,mpfi,3.03,3.39,7.6,102,5500.0,9.79,7.83,7957.0,Low,Low,0,1,0,1
23,1,148,dodge,gas,std,four,hatchback,fwd,front,93.7,0.76,0.89,0.85,1967,ohc,four,90,2bbl,2.97,3.23,9.4,68,5500.0,7.58,6.18,6229.0,Low,Low,0,1,1,0
24,1,148,dodge,gas,std,four,sedan,fwd,front,93.7,0.76,0.89,0.85,1989,ohc,four,90,2bbl,2.97,3.23,9.4,68,5500.0,7.58,6.18,6692.0,Low,Low,0,1,1,0
25,1,148,dodge,gas,std,four,sedan,fwd,front,93.7,0.76,0.89,0.85,1989,ohc,four,90,2bbl,2.97,3.23,9.4,68,5500.0,7.58,6.18,7609.0,Low,Low,0,1,1,0
26,1,148,dodge,gas,turbo,four,sedan,fwd,front,93.7,0.76,0.89,0.85,2191,ohc,four,98,mpfi,3.03,3.39,7.6,102,5500.0,9.79,7.83,8558.0,Low,Low,0,1,0,1
27,-1,110,dodge,gas,std,four,wagon,fwd,front,103.3,0.84,0.9,1.0,2535,ohc,four,122,2bbl,3.34,3.46,8.5,88,5000.0,9.79,7.83,8921.0,Low,Low,0,1,1,0
28,3,145,dodge,gas,turbo,two,hatchback,fwd,front,95.9,0.83,0.92,0.84,2811,ohc,four,156,mfi,3.6,3.9,7.0,145,5000.0,12.37,9.79,12964.0,Low,Medium,0,1,0,1
29,2,137,honda,gas,std,two,hatchback,fwd,front,86.6,0.69,0.89,0.85,1713,ohc,four,92,1bbl,2.91,3.41,9.6,58,4800.0,4.8,4.35,6479.0,Low,Low,0,1,1,0
30,2,137,honda,gas,std,two,hatchback,fwd,front,86.6,0.69,0.89,0.85,1819,ohc,four,92,1bbl,2.91,3.41,9.2,76,6000.0,7.58,6.18,6855.0,Low,Low,0,1,1,0
31,1,101,honda,gas,std,two,hatchback,fwd,front,93.7,0.72,0.89,0.88,1837,ohc,four,79,1bbl,2.91,3.07,10.1,60,5500.0,6.18,5.6,5399.0,Low,Low,0,1,1,0
32,1,101,honda,gas,std,two,hatchback,fwd,front,93.7,0.72,0.89,0.88,1940,ohc,four,92,1bbl,2.91,3.41,9.2,76,6000.0,7.83,6.91,6529.0,Low,Low,0,1,1,0
33,1,101,honda,gas,std,two,hatchback,fwd,front,93.7,0.72,0.89,0.88,1956,ohc,four,92,1bbl,2.91,3.41,9.2,76,6000.0,7.83,6.91,7129.0,Low,Low,0,1,1,0
34,0,110,honda,gas,std,four,sedan,fwd,front,96.5,0.79,0.89,0.91,2010,ohc,four,92,1bbl,2.91,3.41,9.2,76,6000.0,7.83,6.91,7295.0,Low,Low,0,1,1,0
35,0,78,honda,gas,std,four,wagon,fwd,front,96.5,0.75,0.89,0.97,2024,ohc,four,92,1bbl,2.92,3.41,9.2,76,6000.0,7.83,6.91,7295.0,Low,Low,0,1,1,0
36,0,106,honda,gas,std,two,hatchback,fwd,front,96.5,0.8,0.91,0.89,2236,ohc,four,110,1bbl,3.15,3.58,9.0,86,5800.0,8.7,7.12,7895.0,Low,Low,0,1,1,0
37,0,106,honda,gas,std,two,hatchback,fwd,front,96.5,0.8,0.91,0.89,2289,ohc,four,110,1bbl,3.15,3.58,9.0,86,5800.0,8.7,7.12,9095.0,Low,Low,0,1,1,0
38,0,85,honda,gas,std,four,sedan,fwd,front,96.5,0.84,0.91,0.9,2304,ohc,four,110,1bbl,3.15,3.58,9.0,86,5800.0,8.7,7.12,8845.0,Low,Low,0,1,1,0
39,0,85,honda,gas,std,four,sedan,fwd,front,96.5,0.84,0.87,0.9,2372,ohc,four,110,1bbl,3.15,3.58,9.0,86,5800.0,8.7,7.12,10295.0,Low,Low,0,1,1,0
40,0,85,honda,gas,std,four,sedan,fwd,front,96.5,0.84,0.91,0.9,2465,ohc,four,110,mpfi,3.15,3.58,9.0,101,5800.0,9.79,8.39,12945.0,Low,Low,0,1,1,0
41,1,107,honda,gas,std,two,sedan,fwd,front,96.5,0.81,0.92,0.85,2293,ohc,four,110,2bbl,3.15,3.58,9.1,100,5500.0,9.4,7.58,10345.0,Low,Low,0,1,1,0
42,0,122,isuzu,gas,std,four,sedan,rwd,front,94.3,0.82,0.86,0.89,2337,ohc,four,111,2bbl,3.31,3.23,8.5,78,4800.0,9.79,8.1,6785.0,Low,Low,0,1,1,0
43,2,122,isuzu,gas,std,two,hatchback,rwd,front,96.0,0.83,0.91,0.86,2734,ohc,four,119,spfi,3.43,3.23,9.2,90,5000.0,9.79,8.1,11048.0,Low,Low,0,1,1,0
44,0,145,jaguar,gas,std,four,sedan,rwd,front,113.0,0.96,0.97,0.88,4066,dohc,six,258,mpfi,3.63,4.17,8.1,176,4750.0,15.67,12.37,32250.0,High,Medium,0,1,1,0
45,0,122,jaguar,gas,std,four,sedan,rwd,front,113.0,0.96,0.97,0.88,4066,dohc,six,258,mpfi,3.63,4.17,8.1,176,4750.0,15.67,12.37,35550.0,High,Medium,0,1,1,0
46,0,122,jaguar,gas,std,two,sedan,rwd,front,102.0,0.92,0.98,0.8,3950,ohcv,twelve,326,mpfi,3.54,2.76,11.5,262,5000.0,18.08,13.82,36000.0,High,High,0,1,1,0
47,1,104,mazda,gas,std,two,hatchback,fwd,front,93.1,0.76,0.89,0.9,1890,ohc,four,91,2bbl,3.03,3.15,9.0,68,5000.0,7.83,7.58,5195.0,Low,Low,0,1,1,0
48,1,104,mazda,gas,std,two,hatchback,fwd,front,93.1,0.76,0.89,0.9,1900,ohc,four,91,2bbl,3.03,3.15,9.0,68,5000.0,7.58,6.18,6095.0,Low,Low,0,1,1,0
49,1,104,mazda,gas,std,two,hatchback,fwd,front,93.1,0.76,0.89,0.9,1905,ohc,four,91,2bbl,3.03,3.15,9.0,68,5000.0,7.58,6.18,6795.0,Low,Low,0,1,1,0
50,1,113,mazda,gas,std,four,sedan,fwd,front,93.1,0.8,0.89,0.9,1945,ohc,four,91,2bbl,3.03,3.15,9.0,68,5000.0,7.58,6.18,6695.0,Low,Low,0,1,1,0
51,1,113,mazda,gas,std,four,sedan,fwd,front,93.1,0.8,0.89,0.9,1950,ohc,four,91,2bbl,3.08,3.15,9.0,68,5000.0,7.58,6.18,7395.0,Low,Low,0,1,1,0
52,3,150,mazda,gas,std,two,hatchback,rwd,front,95.3,0.81,0.91,0.83,2380,rotor,two,70,4bbl,3.33,3.26,9.4,101,6000.0,13.82,10.22,10945.0,Low,Low,0,1,1,0
53,3,150,mazda,gas,std,two,hatchback,rwd,front,95.3,0.81,0.91,0.83,2380,rotor,two,70,4bbl,3.33,3.26,9.4,101,6000.0,13.82,10.22,11845.0,Low,Low,0,1,1,0
54,3,150,mazda,gas,std,two,hatchback,rwd,front,95.3,0.81,0.91,0.83,2385,rotor,two,70,4bbl,3.33,3.26,9.4,101,6000.0,13.82,10.22,13645.0,Low,Low,0,1,1,0
55,3,150,mazda,gas,std,two,hatchback,rwd,front,95.3,0.81,0.91,0.83,2500,rotor,two,80,mpfi,3.33,3.26,9.4,135,6000.0,14.69,10.22,15645.0,Low,Medium,0,1,1,0
56,1,129,mazda,gas,std,two,hatchback,fwd,front,98.8,0.85,0.92,0.9,2385,ohc,four,122,2bbl,3.39,3.39,8.6,84,4800.0,9.04,7.34,8845.0,Low,Low,0,1,1,0
57,0,115,mazda,gas,std,four,sedan,fwd,front,98.8,0.85,0.92,0.93,2410,ohc,four,122,2bbl,3.39,3.39,8.6,84,4800.0,9.04,7.34,8495.0,Low,Low,0,1,1,0
58,1,129,mazda,gas,std,two,hatchback,fwd,front,98.8,0.85,0.92,0.9,2385,ohc,four,122,2bbl,3.39,3.39,8.6,84,4800.0,9.04,7.34,10595.0,Low,Low,0,1,1,0
59,0,115,mazda,gas,std,four,sedan,fwd,front,98.8,0.85,0.92,0.93,2410,ohc,four,122,2bbl,3.39,3.39,8.6,84,4800.0,9.04,7.34,10245.0,Low,Low,0,1,1,0
60,0,122,mazda,diesel,std,four,sedan,fwd,front,98.8,0.85,0.92,0.93,2443,ohc,four,122,idi,3.39,3.39,22.7,64,4650.0,6.53,5.6,10795.0,Low,Low,1,0,1,0
61,0,115,mazda,gas,std,four,hatchback,fwd,front,98.8,0.85,0.92,0.93,2425,ohc,four,122,2bbl,3.39,3.39,8.6,84,4800.0,9.04,7.34,11245.0,Low,Low,0,1,1,0
62,0,118,mazda,gas,std,four,sedan,rwd,front,104.9,0.84,0.92,0.91,2670,ohc,four,140,mpfi,3.76,3.16,8.0,120,5000.0,12.37,8.7,18280.0,Low,Medium,0,1,1,0
63,0,122,mazda,diesel,std,four,sedan,rwd,front,104.9,0.84,0.92,0.91,2700,ohc,four,134,idi,3.43,3.64,22.0,72,4200.0,7.58,6.03,18344.0,Low,Low,1,0,1,0
64,-1,93,mercedes-benz,diesel,turbo,four,sedan,rwd,front,110.0,0.92,0.98,0.94,3515,ohc,five,183,idi,3.58,3.64,21.5,123,4350.0,10.68,9.4,25552.0,Medium,Medium,1,0,0,1
65,-1,93,mercedes-benz,diesel,turbo,four,wagon,rwd,front,110.0,0.92,0.98,0.98,3750,ohc,five,183,idi,3.58,3.64,21.5,123,4350.0,10.68,9.4,28248.0,Medium,Medium,1,0,0,1
66,0,93,mercedes-benz,diesel,turbo,two,hardtop,rwd,front,106.7,0.9,0.98,0.92,3495,ohc,five,183,idi,3.58,3.64,21.5,123,4350.0,10.68,9.4,28176.0,Medium,Medium,1,0,0,1
67,-1,93,mercedes-benz,diesel,turbo,four,sedan,rwd,front,115.6,0.97,1.0,0.94,3770,ohc,five,183,idi,3.58,3.64,21.5,123,4350.0,10.68,9.4,31600.0,Medium,Medium,1,0,0,1
68,-1,122,mercedes-benz,gas,std,four,sedan,rwd,front,115.6,0.97,1.0,0.94,3740,ohcv,eight,234,mpfi,3.46,3.1,8.3,155,4750.0,14.69,13.06,34184.0,High,Medium,0,1,1,0
69,3,142,mercedes-benz,gas,std,two,convertible,rwd,front,96.6,0.87,0.98,0.85,3685,ohcv,eight,234,mpfi,3.46,3.1,8.3,155,4750.0,14.69,13.06,35056.0,High,Medium,0,1,1,0
70,0,122,mercedes-benz,gas,std,four,sedan,rwd,front,120.9,1.0,1.0,0.95,3900,ohcv,eight,308,mpfi,3.8,3.35,8.0,184,4500.0,16.79,14.69,40960.0,High,Medium,0,1,1,0
71,1,122,mercedes-benz,gas,std,two,hardtop,rwd,front,112.0,0.96,1.0,0.93,3715,ohcv,eight,304,mpfi,3.8,3.35,8.0,184,4500.0,16.79,14.69,45400.0,High,Medium,0,1,1,0
72,1,122,mercury,gas,turbo,two,hatchback,rwd,front,102.7,0.86,0.94,0.92,2910,ohc,four,140,mpfi,3.78,3.12,8.0,175,5000.0,12.37,9.79,16503.0,Low,Medium,0,1,0,1
73,2,161,mitsubishi,gas,std,two,hatchback,fwd,front,93.7,0.76,0.89,0.85,1918,ohc,four,92,2bbl,2.97,3.23,9.4,68,5500.0,6.35,5.73,5389.0,Low,Low,0,1,1,0
74,2,161,mitsubishi,gas,std,two,hatchback,fwd,front,93.7,0.76,0.89,0.85,1944,ohc,four,92,2bbl,2.97,3.23,9.4,68,5500.0,7.58,6.18,6189.0,Low,Low,0,1,1,0
75,2,161,mitsubishi,gas,std,two,hatchback,fwd,front,93.7,0.76,0.89,0.85,2004,ohc,four,92,2bbl,2.97,3.23,9.4,68,5500.0,7.58,6.18,6669.0,Low,Low,0,1,1,0
76,1,161,mitsubishi,gas,turbo,two,hatchback,fwd,front,93.0,0.76,0.89,0.85,2145,ohc,four,98,spdi,3.03,3.39,7.6,102,5500.0,9.79,7.83,7689.0,Low,Low,0,1,0,1
77,3,153,mitsubishi,gas,turbo,two,hatchback,fwd,front,96.3,0.83,0.91,0.83,2370,ohc,four,110,spdi,3.17,3.46,7.5,116,5500.0,10.22,7.83,9959.0,Low,Low,0,1,0,1
78,3,153,mitsubishi,gas,std,two,hatchback,fwd,front,96.3,0.83,0.91,0.83,2328,ohc,four,122,2bbl,3.35,3.46,8.5,88,5000.0,9.4,7.34,8499.0,Low,Low,0,1,1,0
79,3,122,mitsubishi,gas,turbo,two,hatchback,fwd,front,95.9,0.83,0.92,0.84,2833,ohc,four,156,spdi,3.58,3.86,7.0,145,5000.0,12.37,9.79,12629.0,Low,Medium,0,1,0,1
80,3,122,mitsubishi,gas,turbo,two,hatchback,fwd,front,95.9,0.83,0.92,0.84,2921,ohc,four,156,spdi,3.59,3.86,7.0,145,5000.0,12.37,9.79,14869.0,Low,Medium,0,1,0,1
81,3,122,mitsubishi,gas,turbo,two,hatchback,fwd,front,95.9,0.83,0.92,0.84,2926,ohc,four,156,spdi,3.59,3.86,7.0,145,5000.0,12.37,9.79,14489.0,Low,Medium,0,1,0,1
82,1,125,mitsubishi,gas,std,four,sedan,fwd,front,96.3,0.83,0.91,0.86,2365,ohc,four,122,2bbl,3.35,3.46,8.5,88,5000.0,9.4,7.34,6989.0,Low,Low,0,1,1,0
83,1,125,mitsubishi,gas,std,four,sedan,fwd,front,96.3,0.83,0.91,0.86,2405,ohc,four,122,2bbl,3.35,3.46,8.5,88,5000.0,9.4,7.34,8189.0,Low,Low,0,1,1,0
84,1,125,mitsubishi,gas,turbo,four,sedan,fwd,front,96.3,0.83,0.91,0.86,2403,ohc,four,110,spdi,3.17,3.46,7.5,116,5500.0,10.22,7.83,9279.0,Low,Low,0,1,0,1
85,-1,137,mitsubishi,gas,std,four,sedan,fwd,front,96.3,0.83,0.91,0.86,2403,ohc,four,110,spdi,3.17,3.46,7.5,116,5500.0,10.22,7.83,9279.0,Low,Low,0,1,1,0
86,1,128,nissan,gas,std,two,sedan,fwd,front,94.5,0.79,0.89,0.91,1889,ohc,four,97,2bbl,3.15,3.29,9.4,69,5200.0,7.58,6.35,5499.0,Low,Low,0,1,1,0
87,1,128,nissan,diesel,std,two,sedan,fwd,front,94.5,0.79,0.89,0.91,2017,ohc,four,103,idi,2.99,3.47,21.9,55,4800.0,5.22,4.7,7099.0,Low,Low,1,0,1,0
88,1,128,nissan,gas,std,two,sedan,fwd,front,94.5,0.79,0.89,0.91,1918,ohc,four,97,2bbl,3.15,3.29,9.4,69,5200.0,7.58,6.35,6649.0,Low,Low,0,1,1,0
89,1,122,nissan,gas,std,four,sedan,fwd,front,94.5,0.79,0.89,0.91,1938,ohc,four,97,2bbl,3.15,3.29,9.4,69,5200.0,7.58,6.35,6849.0,Low,Low,0,1,1,0
90,1,103,nissan,gas,std,four,wagon,fwd,front,94.5,0.82,0.89,0.89,2024,ohc,four,97,2bbl,3.15,3.29,9.4,69,5200.0,7.58,6.35,7349.0,Low,Low,0,1,1,0
91,1,128,nissan,gas,std,two,sedan,fwd,front,94.5,0.79,0.89,0.91,1951,ohc,four,97,2bbl,3.15,3.29,9.4,69,5200.0,7.58,6.35,7299.0,Low,Low,0,1,1,0
92,1,128,nissan,gas,std,two,hatchback,fwd,front,94.5,0.8,0.89,0.89,2028,ohc,four,97,2bbl,3.15,3.29,9.4,69,5200.0,7.58,6.35,7799.0,Low,Low,0,1,1,0
93,1,122,nissan,gas,std,four,sedan,fwd,front,94.5,0.79,0.89,0.91,1971,ohc,four,97,2bbl,3.15,3.29,9.4,69,5200.0,7.58,6.35,7499.0,Low,Low,0,1,1,0
94,1,103,nissan,gas,std,four,wagon,fwd,front,94.5,0.82,0.89,0.89,2037,ohc,four,97,2bbl,3.15,3.29,9.4,69,5200.0,7.58,6.35,7999.0,Low,Low,0,1,1,0
95,2,168,nissan,gas,std,two,hardtop,fwd,front,95.1,0.78,0.89,0.89,2008,ohc,four,97,2bbl,3.15,3.29,9.4,69,5200.0,7.58,6.35,8249.0,Low,Low,0,1,1,0
96,0,106,nissan,gas,std,four,hatchback,fwd,front,97.2,0.83,0.91,0.91,2324,ohc,four,120,2bbl,3.33,3.47,8.5,97,5200.0,8.7,6.91,8949.0,Low,Low,0,1,1,0
97,0,106,nissan,gas,std,four,sedan,fwd,front,97.2,0.83,0.91,0.91,2302,ohc,four,120,2bbl,3.33,3.47,8.5,97,5200.0,8.7,6.91,9549.0,Low,Low,0,1,1,0
98,0,128,nissan,gas,std,four,sedan,fwd,front,100.4,0.87,0.92,0.92,3095,ohcv,six,181,mpfi,3.43,3.27,9.0,152,5200.0,13.82,10.68,13499.0,Low,Medium,0,1,1,0
99,0,108,nissan,gas,std,four,wagon,fwd,front,100.4,0.89,0.92,0.94,3296,ohcv,six,181,mpfi,3.43,3.27,9.0,152,5200.0,13.82,10.68,14399.0,Low,Medium,0,1,1,0
100,0,108,nissan,gas,std,four,sedan,fwd,front,100.4,0.89,0.92,0.92,3060,ohcv,six,181,mpfi,3.43,3.27,9.0,152,5200.0,12.37,9.4,13499.0,Low,Medium,0,1,1,0
101,3,194,nissan,gas,std,two,hatchback,rwd,front,91.3,0.82,0.94,0.83,3071,ohcv,six,181,mpfi,3.43,3.27,9.0,160,5200.0,12.37,9.4,17199.0,Low,Medium,0,1,1,0
102,3,194,nissan,gas,turbo,two,hatchback,rwd,front,91.3,0.82,0.94,0.83,3139,ohcv,six,181,mpfi,3.43,3.27,7.8,200,5200.0,13.82,10.22,19699.0,Medium,High,0,1,0,1
103,1,231,nissan,gas,std,two,hatchback,rwd,front,99.2,0.86,0.94,0.83,3139,ohcv,six,181,mpfi,3.43,3.27,9.0,160,5200.0,12.37,9.4,18399.0,Low,Medium,0,1,1,0
104,0,161,peugot,gas,std,four,sedan,rwd,front,107.9,0.9,0.95,0.95,3020,l,four,120,mpfi,3.46,3.19,8.4,97,5000.0,12.37,9.79,11900.0,Low,Low,0,1,1,0
105,0,161,peugot,diesel,turbo,four,sedan,rwd,front,107.9,0.9,0.95,0.95,3197,l,four,152,idi,3.7,3.52,21.0,95,4150.0,8.39,7.12,13200.0,Low,Low,1,0,0,1
106,0,122,peugot,gas,std,four,wagon,rwd,front,114.2,0.96,0.95,0.98,3230,l,four,120,mpfi,3.46,3.19,8.4,97,5000.0,12.37,9.79,12440.0,Low,Low,0,1,1,0
107,0,122,peugot,diesel,turbo,four,wagon,rwd,front,114.2,0.96,0.95,0.98,3430,l,four,152,idi,3.7,3.52,21.0,95,4150.0,9.4,9.4,13860.0,Low,Low,1,0,0,1
108,0,161,peugot,gas,std,four,sedan,rwd,front,107.9,0.9,0.95,0.95,3075,l,four,120,mpfi,3.46,2.19,8.4,95,5000.0,12.37,9.79,15580.0,Low,Low,0,1,1,0
109,0,161,peugot,diesel,turbo,four,sedan,rwd,front,107.9,0.9,0.95,0.95,3252,l,four,152,idi,3.7,3.52,21.0,95,4150.0,8.39,7.12,16900.0,Low,Low,1,0,0,1
110,0,122,peugot,gas,std,four,wagon,rwd,front,114.2,0.96,0.95,0.95,3285,l,four,120,mpfi,3.46,2.19,8.4,95,5000.0,12.37,9.79,16695.0,Low,Low,0,1,1,0
111,0,122,peugot,diesel,turbo,four,wagon,rwd,front,114.2,0.96,0.95,0.98,3485,l,four,152,idi,3.7,3.52,21.0,95,4150.0,9.4,9.4,17075.0,Low,Low,1,0,0,1
112,0,161,peugot,gas,std,four,sedan,rwd,front,107.9,0.9,0.95,0.95,3075,l,four,120,mpfi,3.46,3.19,8.4,97,5000.0,12.37,9.79,16630.0,Low,Low,0,1,1,0
113,0,161,peugot,diesel,turbo,four,sedan,rwd,front,107.9,0.9,0.95,0.95,3252,l,four,152,idi,3.7,3.52,21.0,95,4150.0,8.39,7.12,17950.0,Low,Low,1,0,0,1
114,0,161,peugot,gas,turbo,four,sedan,rwd,front,108.0,0.9,0.95,0.94,3130,l,four,134,mpfi,3.61,3.21,7.0,142,5600.0,13.06,9.79,18150.0,Low,Medium,0,1,0,1
115,1,119,plymouth,gas,std,two,hatchback,fwd,front,93.7,0.76,0.89,0.85,1918,ohc,four,90,2bbl,2.97,3.23,9.4,68,5500.0,6.35,5.73,5572.0,Low,Low,0,1,1,0
116,1,119,plymouth,gas,turbo,two,hatchback,fwd,front,93.7,0.76,0.89,0.85,2128,ohc,four,98,spdi,3.03,3.39,7.6,102,5500.0,9.79,7.83,7957.0,Low,Low,0,1,0,1
117,1,154,plymouth,gas,std,four,hatchback,fwd,front,93.7,0.76,0.89,0.85,1967,ohc,four,90,2bbl,2.97,3.23,9.4,68,5500.0,7.58,6.18,6229.0,Low,Low,0,1,1,0
118,1,154,plymouth,gas,std,four,sedan,fwd,front,93.7,0.8,0.89,0.85,1989,ohc,four,90,2bbl,2.97,3.23,9.4,68,5500.0,7.58,6.18,6692.0,Low,Low,0,1,1,0
119,1,154,plymouth,gas,std,four,sedan,fwd,front,93.7,0.8,0.89,0.85,2191,ohc,four,98,2bbl,2.97,3.23,9.4,68,5500.0,7.58,6.18,7609.0,Low,Low,0,1,1,0
120,-1,74,plymouth,gas,std,four,wagon,fwd,front,103.3,0.84,0.9,1.0,2535,ohc,four,122,2bbl,3.35,3.46,8.5,88,5000.0,9.79,7.83,8921.0,Low,Low,0,1,1,0
121,3,122,plymouth,gas,turbo,two,hatchback,rwd,front,95.9,0.83,0.92,0.84,2818,ohc,four,156,spdi,3.59,3.86,7.0,145,5000.0,12.37,9.79,12764.0,Low,Medium,0,1,0,1
122,3,186,porsche,gas,std,two,hatchback,rwd,front,94.5,0.81,0.95,0.84,2778,ohc,four,151,mpfi,3.94,3.11,9.5,143,5500.0,12.37,8.7,22018.0,Medium,Medium,0,1,1,0
123,3,122,porsche,gas,std,two,hardtop,rwd,rear,89.5,0.81,0.9,0.86,2756,ohcf,six,194,mpfi,3.74,2.9,9.5,207,5900.0,13.82,9.4,32528.0,High,High,0,1,1,0
124,3,122,porsche,gas,std,two,hardtop,rwd,rear,89.5,0.81,0.9,0.86,2756,ohcf,six,194,mpfi,3.74,2.9,9.5,207,5900.0,13.82,9.4,34028.0,High,High,0,1,1,0
125,3,122,porsche,gas,std,two,convertible,rwd,rear,89.5,0.81,0.9,0.86,2800,ohcf,six,194,mpfi,3.74,2.9,9.5,207,5900.0,13.82,9.4,37028.0,High,High,0,1,1,0
126,0,122,renault,gas,std,four,wagon,fwd,front,96.1,0.87,0.92,0.92,2579,ohc,four,132,mpfi,3.46,3.9,8.7,103,5117.59,10.22,7.58,9295.0,Low,Low,0,1,1,0
127,2,122,renault,gas,std,two,hatchback,fwd,front,96.1,0.85,0.92,0.84,2460,ohc,four,132,mpfi,3.46,3.9,8.7,103,5117.59,10.22,7.58,9895.0,Low,Low,0,1,1,0
128,3,150,saab,gas,std,two,hatchback,fwd,front,99.1,0.9,0.92,0.94,2658,ohc,four,121,mpfi,3.54,3.07,9.31,110,5250.0,11.19,8.39,11850.0,Low,Low,0,1,1,0
129,2,104,saab,gas,std,four,sedan,fwd,front,99.1,0.9,0.92,0.94,2695,ohc,four,121,mpfi,3.54,3.07,9.3,110,5250.0,11.19,8.39,12170.0,Low,Low,0,1,1,0
130,3,150,saab,gas,std,two,hatchback,fwd,front,99.1,0.9,0.92,0.94,2707,ohc,four,121,mpfi,2.54,2.07,9.3,110,5250.0,11.19,8.39,15040.0,Low,Low,0,1,1,0
131,2,104,saab,gas,std,four,sedan,fwd,front,99.1,0.9,0.92,0.94,2758,ohc,four,121,mpfi,3.54,3.07,9.3,110,5250.0,11.19,8.39,15510.0,Low,Low,0,1,1,0
132,3,150,saab,gas,turbo,two,hatchback,fwd,front,99.1,0.9,0.92,0.94,2808,dohc,four,121,mpfi,3.54,3.07,9.0,160,5500.0,12.37,9.04,18150.0,Low,Medium,0,1,0,1
133,2,104,saab,gas,turbo,four,sedan,fwd,front,99.1,0.9,0.92,0.94,2847,dohc,four,121,mpfi,3.54,3.07,9.0,160,5500.0,12.37,9.04,18620.0,Medium,Medium,0,1,0,1
134,2,83,subaru,gas,std,two,hatchback,fwd,front,93.7,0.75,0.88,0.9,2050,ohcf,four,97,2bbl,3.62,2.36,9.0,69,4900.0,7.58,6.53,5118.0,Low,Low,0,1,1,0
135,2,83,subaru,gas,std,two,hatchback,fwd,front,93.7,0.76,0.88,0.9,2120,ohcf,four,108,2bbl,3.62,2.64,8.7,73,4400.0,9.04,7.58,7053.0,Low,Low,0,1,1,0
136,2,83,subaru,gas,std,two,hatchback,4wd,front,93.3,0.76,0.89,0.93,2240,ohcf,four,108,2bbl,3.62,2.64,8.7,73,4400.0,9.04,7.58,7603.0,Low,Low,0,1,1,0
137,0,102,subaru,gas,std,four,sedan,fwd,front,97.2,0.83,0.91,0.88,2145,ohcf,four,108,2bbl,3.62,2.64,9.5,82,4800.0,7.34,6.35,7126.0,Low,Low,0,1,1,0
138,0,102,subaru,gas,std,four,sedan,fwd,front,97.2,0.83,0.91,0.88,2190,ohcf,four,108,2bbl,3.62,2.64,9.5,82,4400.0,8.39,7.12,7775.0,Low,Low,0,1,1,0
139,0,102,subaru,gas,std,four,sedan,fwd,front,97.2,0.83,0.91,0.88,2340,ohcf,four,108,mpfi,3.62,2.64,9.0,94,5200.0,9.04,7.34,9960.0,Low,Low,0,1,1,0
140,0,102,subaru,gas,std,four,sedan,4wd,front,97.0,0.83,0.91,0.91,2385,ohcf,four,108,2bbl,3.62,2.64,9.0,82,4800.0,9.79,9.4,9233.0,Low,Low,0,1,1,0
141,0,102,subaru,gas,turbo,four,sedan,4wd,front,97.0,0.83,0.91,0.91,2510,ohcf,four,108,mpfi,3.62,2.64,7.7,111,4800.0,9.79,8.1,11259.0,Low,Low,0,1,0,1
142,0,89,subaru,gas,std,four,wagon,fwd,front,97.0,0.83,0.91,0.89,2290,ohcf,four,108,2bbl,3.62,2.64,9.0,82,4800.0,8.39,7.34,7463.0,Low,Low,0,1,1,0
143,0,89,subaru,gas,std,four,wagon,fwd,front,97.0,0.83,0.91,0.89,2455,ohcf,four,108,mpfi,3.62,2.64,9.0,94,5200.0,9.4,7.58,10198.0,Low,Low,0,1,1,0
144,0,85,subaru,gas,std,four,wagon,4wd,front,96.9,0.83,0.91,0.92,2420,ohcf,four,108,2bbl,3.62,2.64,9.0,82,4800.0,10.22,8.1,8013.0,Low,Low,0,1,1,0
145,0,85,subaru,gas,turbo,four,wagon,4wd,front,96.9,0.83,0.91,0.92,2650,ohcf,four,108,mpfi,3.62,2.64,7.7,111,4800.0,10.22,10.22,11694.0,Low,Low,0,1,0,1
146,1,87,toyota,gas,std,two,hatchback,fwd,front,95.7,0.76,0.88,0.91,1985,ohc,four,92,2bbl,3.05,3.03,9.0,62,4800.0,6.71,6.03,5348.0,Low,Low,0,1,1,0
147,1,87,toyota,gas,std,two,hatchback,fwd,front,95.7,0.76,0.88,0.91,2040,ohc,four,92,2bbl,3.05,3.03,9.0,62,4800.0,7.58,6.18,6338.0,Low,Low,0,1,1,0
148,1,74,toyota,gas,std,four,hatchback,fwd,front,95.7,0.76,0.88,0.91,2015,ohc,four,92,2bbl,3.05,3.03,9.0,62,4800.0,7.58,6.18,6488.0,Low,Low,0,1,1,0
149,0,77,toyota,gas,std,four,wagon,fwd,front,95.7,0.82,0.88,0.99,2280,ohc,four,92,2bbl,3.05,3.03,9.0,62,4800.0,7.58,6.35,6918.0,Low,Low,0,1,1,0
150,0,81,toyota,gas,std,four,wagon,4wd,front,95.7,0.82,0.88,0.99,2290,ohc,four,92,2bbl,3.05,3.03,9.0,62,4800.0,8.7,7.34,7898.0,Low,Low,0,1,1,0
151,0,91,toyota,gas,std,four,wagon,4wd,front,95.7,0.82,0.88,0.99,3110,ohc,four,92,2bbl,3.05,3.03,9.0,62,4800.0,8.7,7.34,8778.0,Low,Low,0,1,1,0
152,0,91,toyota,gas,std,four,sedan,fwd,front,95.7,0.8,0.89,0.89,2081,ohc,four,98,2bbl,3.19,3.03,9.0,70,4800.0,7.83,6.35,6938.0,Low,Low,0,1,1,0
153,0,91,toyota,gas,std,four,hatchback,fwd,front,95.7,0.8,0.89,0.88,2109,ohc,four,98,2bbl,3.19,3.03,9.0,70,4800.0,7.83,6.35,7198.0,Low,Low,0,1,1,0
154,0,91,toyota,diesel,std,four,sedan,fwd,front,95.7,0.8,0.89,0.89,2275,ohc,four,110,idi,3.27,3.35,22.5,56,4500.0,6.91,6.53,7898.0,Low,Low,1,0,1,0
155,0,91,toyota,diesel,std,four,hatchback,fwd,front,95.7,0.8,0.89,0.88,2275,ohc,four,110,idi,3.27,3.35,22.5,56,4500.0,6.18,5.0,7788.0,Low,Low,1,0,1,0
156,0,91,toyota,gas,std,four,sedan,fwd,front,95.7,0.8,0.89,0.89,2094,ohc,four,98,2bbl,3.19,3.03,9.0,70,4800.0,6.18,5.0,7738.0,Low,Low,0,1,1,0
157,0,91,toyota,gas,std,four,hatchback,fwd,front,95.7,0.8,0.89,0.88,2122,ohc,four,98,2bbl,3.19,3.03,9.0,70,4800.0,8.39,6.91,8358.0,Low,Low,0,1,1,0
158,0,91,toyota,gas,std,four,sedan,fwd,front,95.7,0.8,0.89,0.88,2140,ohc,four,98,2bbl,3.19,3.03,9.0,70,4800.0,8.39,6.91,9258.0,Low,Low,0,1,1,0
159,1,168,toyota,gas,std,two,sedan,rwd,front,94.5,0.81,0.89,0.88,2169,ohc,four,98,2bbl,3.19,3.03,9.0,70,4800.0,8.1,6.91,8058.0,Low,Low,0,1,1,0
160,1,168,toyota,gas,std,two,hatchback,rwd,front,94.5,0.81,0.89,0.88,2204,ohc,four,98,2bbl,3.19,3.03,9.0,70,4800.0,8.1,6.91,8238.0,Low,Low,0,1,1,0
161,1,168,toyota,gas,std,two,sedan,rwd,front,94.5,0.81,0.89,0.88,2265,dohc,four,98,mpfi,3.24,3.08,9.4,112,6600.0,9.04,8.1,9298.0,Low,Low,0,1,1,0
162,1,168,toyota,gas,std,two,hatchback,rwd,front,94.5,0.81,0.89,0.88,2300,dohc,four,98,mpfi,3.24,3.08,9.4,112,6600.0,9.04,8.1,9538.0,Low,Low,0,1,1,0
163,2,134,toyota,gas,std,two,hardtop,rwd,front,98.4,0.85,0.91,0.87,2540,ohc,four,146,mpfi,3.62,3.5,9.3,116,4800.0,9.79,7.83,8449.0,Low,Low,0,1,1,0
164,2,134,toyota,gas,std,two,hardtop,rwd,front,98.4,0.85,0.91,0.87,2536,ohc,four,146,mpfi,3.62,3.5,9.3,116,4800.0,9.79,7.83,9639.0,Low,Low,0,1,1,0
165,2,134,toyota,gas,std,two,hatchback,rwd,front,98.4,0.85,0.91,0.87,2551,ohc,four,146,mpfi,3.62,3.5,9.3,116,4800.0,9.79,7.83,9989.0,Low,Low,0,1,1,0
166,2,134,toyota,gas,std,two,hardtop,rwd,front,98.4,0.85,0.91,0.87,2679,ohc,four,146,mpfi,3.62,3.5,9.3,116,4800.0,9.79,7.83,11199.0,Low,Low,0,1,1,0
167,2,134,toyota,gas,std,two,hatchback,rwd,front,98.4,0.85,0.91,0.87,2714,ohc,four,146,mpfi,3.62,3.5,9.3,116,4800.0,9.79,7.83,11549.0,Low,Low,0,1,1,0
168,2,134,toyota,gas,std,two,convertible,rwd,front,98.4,0.85,0.91,0.89,2975,ohc,four,146,mpfi,3.62,3.5,9.3,116,4800.0,9.79,7.83,17669.0,Low,Low,0,1,1,0
169,-1,65,toyota,gas,std,four,sedan,fwd,front,102.4,0.84,0.92,0.92,2326,ohc,four,122,mpfi,3.31,3.54,8.7,92,4200.0,8.1,6.91,8948.0,Low,Low,0,1,1,0
170,-1,65,toyota,diesel,turbo,four,sedan,fwd,front,102.4,0.84,0.92,0.92,2480,ohc,four,110,idi,3.27,3.35,22.5,73,4500.0,7.83,7.12,10698.0,Low,Low,1,0,0,1
171,-1,65,toyota,gas,std,four,hatchback,fwd,front,102.4,0.84,0.92,0.9,2414,ohc,four,122,mpfi,3.31,3.54,8.7,92,4200.0,8.7,7.34,9988.0,Low,Low,0,1,1,0
172,-1,65,toyota,gas,std,four,sedan,fwd,front,102.4,0.84,0.92,0.92,2414,ohc,four,122,mpfi,3.31,3.54,8.7,92,4200.0,8.7,7.34,10898.0,Low,Low,0,1,1,0
173,-1,65,toyota,gas,std,four,hatchback,fwd,front,102.4,0.84,0.92,0.9,2458,ohc,four,122,mpfi,3.31,3.54,8.7,92,4200.0,8.7,7.34,11248.0,Low,Low,0,1,1,0
174,3,197,toyota,gas,std,two,hatchback,rwd,front,102.9,0.88,0.94,0.87,2976,dohc,six,171,mpfi,3.27,3.35,9.3,161,5200.0,11.75,9.79,16558.0,Low,Medium,0,1,1,0
175,3,197,toyota,gas,std,two,hatchback,rwd,front,102.9,0.88,0.94,0.87,3016,dohc,six,171,mpfi,3.27,3.35,9.3,161,5200.0,12.37,9.79,15998.0,Low,Medium,0,1,1,0
176,-1,90,toyota,gas,std,four,sedan,rwd,front,104.5,0.9,0.92,0.9,3131,dohc,six,171,mpfi,3.27,3.35,9.2,156,5200.0,11.75,9.79,15690.0,Low,Medium,0,1,1,0
177,-1,122,toyota,gas,std,four,wagon,rwd,front,104.5,0.9,0.92,0.9,3151,dohc,six,161,mpfi,3.27,3.35,9.2,156,5200.0,12.37,9.79,15750.0,Low,Medium,0,1,1,0
178,2,122,volkswagen,diesel,std,two,sedan,fwd,front,97.3,0.83,0.91,0.93,2261,ohc,four,97,idi,3.01,3.4,23.0,52,4800.0,6.35,5.11,7775.0,Low,Low,1,0,1,0
179,2,122,volkswagen,gas,std,two,sedan,fwd,front,97.3,0.83,0.91,0.93,2209,ohc,four,109,mpfi,3.19,3.4,9.0,85,5250.0,8.7,6.91,7975.0,Low,Low,0,1,1,0
180,2,94,volkswagen,diesel,std,four,sedan,fwd,front,97.3,0.83,0.91,0.93,2264,ohc,four,97,idi,3.01,3.4,23.0,52,4800.0,6.35,5.11,7995.0,Low,Low,1,0,1,0
181,2,94,volkswagen,gas,std,four,sedan,fwd,front,97.3,0.83,0.91,0.93,2212,ohc,four,109,mpfi,3.19,3.4,9.0,85,5250.0,8.7,6.91,8195.0,Low,Low,0,1,1,0
182,2,94,volkswagen,gas,std,four,sedan,fwd,front,97.3,0.83,0.91,0.93,2275,ohc,four,109,mpfi,3.19,3.4,9.0,85,5250.0,8.7,6.91,8495.0,Low,Low,0,1,1,0
183,2,94,volkswagen,diesel,turbo,four,sedan,fwd,front,97.3,0.83,0.91,0.93,2319,ohc,four,97,idi,3.01,3.4,23.0,68,4500.0,6.35,5.6,9495.0,Low,Low,1,0,0,1
184,2,94,volkswagen,gas,std,four,sedan,fwd,front,97.3,0.83,0.91,0.93,2300,ohc,four,109,mpfi,3.19,3.4,10.0,100,5500.0,9.04,7.34,9995.0,Low,Low,0,1,1,0
185,3,122,volkswagen,gas,std,two,convertible,fwd,front,94.5,0.77,0.89,0.93,2254,ohc,four,109,mpfi,3.19,3.4,8.5,90,5500.0,9.79,8.1,11595.0,Low,Low,0,1,1,0
186,3,256,volkswagen,gas,std,two,hatchback,fwd,front,94.5,0.8,0.89,0.86,2221,ohc,four,109,mpfi,3.19,3.4,8.5,90,5500.0,9.79,8.1,9980.0,Low,Low,0,1,1,0
187,0,122,volkswagen,gas,std,four,sedan,fwd,front,100.4,0.87,0.93,0.92,2661,ohc,five,136,mpfi,3.19,3.4,8.5,110,5500.0,12.37,9.79,13295.0,Low,Low,0,1,1,0
188,0,122,volkswagen,diesel,turbo,four,sedan,fwd,front,100.4,0.87,0.93,0.92,2579,ohc,four,97,idi,3.01,3.4,23.0,68,4500.0,7.12,6.18,13845.0,Low,Low,1,0,0,1
189,0,122,volkswagen,gas,std,four,wagon,fwd,front,100.4,0.88,0.93,0.92,2563,ohc,four,109,mpfi,3.19,3.4,9.0,88,5500.0,9.4,7.58,12290.0,Low,Low,0,1,1,0
190,-2,103,volvo,gas,std,four,sedan,rwd,front,104.3,0.91,0.93,0.94,2912,ohc,four,141,mpfi,3.78,3.15,9.5,114,5400.0,10.22,8.39,12940.0,Low,Low,0,1,1,0
191,-1,74,volvo,gas,std,four,wagon,rwd,front,104.3,0.91,0.93,0.96,3034,ohc,four,141,mpfi,3.78,3.15,9.5,114,5400.0,10.22,8.39,13415.0,Low,Low,0,1,1,0
192,-2,103,volvo,gas,std,four,sedan,rwd,front,104.3,0.91,0.93,0.94,2935,ohc,four,141,mpfi,3.78,3.15,9.5,114,5400.0,9.79,8.39,15985.0,Low,Low,0,1,1,0
193,-1,74,volvo,gas,std,four,wagon,rwd,front,104.3,0.91,0.93,0.96,3042,ohc,four,141,mpfi,3.78,3.15,9.5,114,5400.0,9.79,8.39,16515.0,Low,Low,0,1,1,0
194,-2,103,volvo,gas,turbo,four,sedan,rwd,front,104.3,0.91,0.93,0.94,3045,ohc,four,130,mpfi,3.62,3.15,7.5,162,5100.0,13.82,10.68,18420.0,Low,Medium,0,1,0,1
195,-1,74,volvo,gas,turbo,four,wagon,rwd,front,104.3,0.91,0.93,0.96,3157,ohc,four,130,mpfi,3.62,3.15,7.5,162,5100.0,13.82,10.68,18950.0,Medium,Medium,0,1,0,1
196,-1,95,volvo,gas,std,four,sedan,rwd,front,109.1,0.91,0.96,0.93,2952,ohc,four,141,mpfi,3.78,3.15,9.5,114,5400.0,10.22,8.39,16845.0,Low,Low,0,1,1,0
197,-1,95,volvo,gas,turbo,four,sedan,rwd,front,109.1,0.91,0.96,0.93,3049,ohc,four,141,mpfi,3.78,3.15,8.7,160,5300.0,12.37,9.4,19045.0,Medium,Medium,0,1,0,1
198,-1,95,volvo,gas,std,four,sedan,rwd,front,109.1,0.91,0.96,0.93,3012,ohcv,six,173,mpfi,3.58,2.87,8.8,134,5500.0,13.06,10.22,21485.0,Medium,Medium,0,1,1,0
199,-1,95,volvo,diesel,turbo,four,sedan,rwd,front,109.1,0.91,0.96,0.93,3217,ohc,six,145,idi,3.01,3.4,23.0,106,4800.0,9.04,8.7,22470.0,Medium,Low,1,0,0,1
200,-1,95,volvo,gas,turbo,four,sedan,rwd,front,109.1,0.91,0.96,0.93,3062,ohc,four,141,mpfi,3.78,3.15,9.5,114,5400.0,12.37,9.4,22625.0,Medium,Low,0,1,0,1
